<?xml version="1.0" encoding="UTF-8"?>
<navigationModel
  ns = "http://schemas.android.com?import=com.android.tools.idea.editors.navigation.model.*">
  <locations  
    class = "java.util.ArrayList">
    <statePointEntry>
      <state      
        class = "com.android.tools.idea.editors.navigation.model.MenuState"      
        className = "wa.filipe.finalproject.MainActv"/>
      <point      
        x = "1844"      
        y = "80"/>
    </statePointEntry>
    <statePointEntry>
      <state      
        class = "com.android.tools.idea.editors.navigation.model.ActivityState"      
        className = "wa.filipe.finalproject.MainActv"/>
      <point      
        x = "500"      
        y = "100"/>
    </statePointEntry>
    <statePointEntry>
      <state      
        class = "com.android.tools.idea.editors.navigation.model.MenuState"      
        className = "wa.filipe.finalproject.Report"/>
      <point      
        x = "1768"      
        y = "2860"/>
    </statePointEntry>
    <statePointEntry>
      <state      
        class = "com.android.tools.idea.editors.navigation.model.ActivityState"      
        className = "wa.filipe.finalproject.Report"/>
      <point      
        x = "500"      
        y = "2860"/>
    </statePointEntry>
    <statePointEntry>
      <state      
        class = "com.android.tools.idea.editors.navigation.model.MenuState"      
        className = "wa.filipe.finalproject.Config"/>
      <point      
        x = "1768"      
        y = "1480"/>
    </statePointEntry>
    <statePointEntry>
      <state      
        class = "com.android.tools.idea.editors.navigation.model.ActivityState"      
        className = "wa.filipe.finalproject.Config"/>
      <point      
        x = "500"      
        y = "1480"/>
    </statePointEntry>
    <statePointEntry>
      <state      
        class = "com.android.tools.idea.editors.navigation.model.MenuState"      
        className = "wa.filipe.finalproject.Edit"/>
      <point      
        x = "1768"      
        y = "4240"/>
    </statePointEntry>
    <statePointEntry>
      <state      
        class = "com.android.tools.idea.editors.navigation.model.ActivityState"      
        className = "wa.filipe.finalproject.Edit"/>
      <point      
        x = "500"      
        y = "4240"/>
    </statePointEntry>
  </locations>
</navigationModel>
